{"cameraMode":{"drawMode":0,"name":"Shaded","section":"Shading Mode"},"sceneLighting":true,"audioPlay":false,"sceneViewState":{"showFog":true,"showMaterialUpdate":false,"showSkybox":true,"showFlares":true,"showImageEffects":true,"showParticleSystems":true},"in2DMode":false,"pivot":{"x":0.26845526695251467,"y":1.0310678482055665,"z":6.000267505645752},"rotation":{"x":-0.07247818261384964,"y":-0.9175958633422852,"z":0.3375650644302368,"w":-0.19701440632343293},"size":10.792950630187989,"orthographic":false}